Filename	Size
codeigniter/1200/1A-1.jpg	220732
codeigniter/1200/1A-2.jpg	375977
codeigniter/1200/1A-3.jpg	501290
codeigniter/1200/1B-1.jpg	526396
codeigniter/1200/1B-2.jpg	238715
codeigniter/1200/1B-3.png	1162705
codeigniter/1200/1C-1.png	4276482
codeigniter/1200/1C-2.png	1082287
codeigniter/1200/1C-3.png	615603
codeigniter/1200/2A-1.jpg	405464
codeigniter/1200/2A-2.jpg	546150
codeigniter/1200/2A-3.jpg	281118
codeigniter/1200/2B-1.jpg	321163
codeigniter/1200/2B-2.jpg	246892
codeigniter/1200/2B-3.jpg	231315
codeigniter/1200/2C-1.png	4785919
codeigniter/1200/2C-2.png	546656
codeigniter/1200/2C-3.png	1128293
codeigniter/1200/3A-1.jpg	183548
codeigniter/1200/3A-2.png	3312384
codeigniter/1200/3A-3.jpg	434285
codeigniter/1200/3B-1.jpg	87116
codeigniter/1200/3B-2.jpg	165740
codeigniter/1200/3B-3.jpg	323278
codeigniter/1200/3C-1.png	164120
codeigniter/1200/3C-2.png	84949
codeigniter/1200/3C-3.png	274910
codeigniter/1200/4A-1.png	416845
codeigniter/1200/4A-2.jpg	283907
codeigniter/1200/4A-3.png	1823287
codeigniter/1200/4B-1.png	362645
codeigniter/1200/4B-2.jpg	458419
codeigniter/1200/4B-3.png	524830
codeigniter/1200/4C-1.png	202373
codeigniter/1200/4C-2.png	308740
codeigniter/1200/4C-3.png	1236918
codeigniter/1200/6D.jpg	353029
codeigniter/1200/6E.jpg	461582
codeigniter/1200/6F.jpg	339366
codeigniter/1200/6G.jpg	38060
codeigniter/300/1A-1.jpg	24237
codeigniter/300/1A-2.jpg	37058
codeigniter/300/1A-3.jpg	66906
codeigniter/300/1B-1.jpg	39803
codeigniter/300/1B-2.jpg	19982
codeigniter/300/1B-3.png	90224
codeigniter/300/1C-1.png	259372
codeigniter/300/1C-2.png	93652
codeigniter/300/1C-3.png	53118
codeigniter/300/2A-1.jpg	63737
codeigniter/300/2A-2.jpg	88038
codeigniter/300/2A-3.jpg	78064
codeigniter/300/2B-1.jpg	49453
codeigniter/300/2B-2.jpg	22870
codeigniter/300/2B-3.jpg	21702
codeigniter/300/2C-1.png	270708
codeigniter/300/2C-2.png	45830
codeigniter/300/2C-3.png	92374
codeigniter/300/3A-1.jpg	32399
codeigniter/300/3A-2.png	208251
codeigniter/300/3A-3.jpg	52687
codeigniter/300/3B-1.jpg	33116
codeigniter/300/3B-2.jpg	33514
codeigniter/300/3B-3.jpg	24392
codeigniter/300/3C-1.png	26149
codeigniter/300/3C-2.png	15649
codeigniter/300/3C-3.png	41452
codeigniter/300/4A-1.png	114959
codeigniter/300/4A-2.jpg	36200
codeigniter/300/4A-3.png	176394
codeigniter/300/4B-1.png	56568
codeigniter/300/4B-2.jpg	71790
codeigniter/300/4B-3.png	53160
codeigniter/300/4C-1.png	30428
codeigniter/300/4C-2.png	56816
codeigniter/300/4C-3.png	148909
codeigniter/300/6D.jpg	34334
codeigniter/300/6E.jpg	72456
codeigniter/300/6F.jpg	64668
codeigniter/300/6G.jpg	8848
codeigniter/600/1A-1.jpg	69577
codeigniter/600/1A-2.jpg	112336
codeigniter/600/1A-3.jpg	156652
codeigniter/600/1B-1.jpg	146744
codeigniter/600/1B-2.jpg	66593
codeigniter/600/1B-3.png	341583
codeigniter/600/1C-1.png	1056182
codeigniter/600/1C-2.png	295321
codeigniter/600/1C-3.png	166822
codeigniter/600/2A-1.jpg	146757
codeigniter/600/2A-2.jpg	197439
codeigniter/600/2A-3.jpg	121826
codeigniter/600/2B-1.jpg	104421
codeigniter/600/2B-2.jpg	74221
codeigniter/600/2B-3.jpg	72191
codeigniter/600/2C-1.png	1170041
codeigniter/600/2C-2.png	146333
codeigniter/600/2C-3.png	314617
codeigniter/600/3A-1.jpg	66167
codeigniter/600/3A-2.png	814482
codeigniter/600/3A-3.jpg	131449
codeigniter/600/3B-1.jpg	45570
codeigniter/600/3B-2.jpg	71036
codeigniter/600/3B-3.jpg	82855
codeigniter/600/3C-1.png	65477
codeigniter/600/3C-2.png	36799
codeigniter/600/3C-3.png	106805
codeigniter/600/4A-1.png	277094
codeigniter/600/4A-2.jpg	110380
codeigniter/600/4A-3.png	573281
codeigniter/600/4B-1.png	156725
codeigniter/600/4B-2.jpg	168408
codeigniter/600/4B-3.png	172357
codeigniter/600/4C-1.png	77288
codeigniter/600/4C-2.png	132128
codeigniter/600/4C-3.png	441099
codeigniter/600/6D.jpg	111164
codeigniter/600/6E.jpg	157098
codeigniter/600/6F.jpg	137932
codeigniter/600/6G.jpg	16355
craft/1200/1A-1.jpg	61092
craft/1200/1A-2.jpg	524945
craft/1200/1A-3.jpg	1710911
craft/1200/1B-1.jpg	526396
craft/1200/1B-2.jpg	323275
craft/1200/1B-3.png	1162822
craft/1200/1C-1.png	3544406
craft/1200/1C-2.png	1372703
craft/1200/1C-3.png	658441
craft/1200/2A-1.jpg	1200859
craft/1200/2A-2.jpg	1006476
craft/1200/2A-3.jpg	281118
craft/1200/2B-1.jpg	222029
craft/1200/2B-2.jpg	688751
craft/1200/2B-3.jpg	632463
craft/1200/2C-1.png	4556521
craft/1200/2C-2.png	555401
craft/1200/2C-3.png	1144026
craft/1200/3A-1.jpg	386283
craft/1200/3A-2.png	2812982
craft/1200/3A-3.jpg	977857
craft/1200/3B-1.jpg	213736
craft/1200/3B-2.jpg	145161
craft/1200/3B-3.jpg	536403
craft/1200/3C-1.png	240133
craft/1200/3C-2.png	141290
craft/1200/3C-3.png	403288
craft/1200/4A-1.png	423215
craft/1200/4A-2.jpg	303858
craft/1200/4A-3.png	1989807
craft/1200/4B-1.png	443062
craft/1200/4B-2.jpg	804480
craft/1200/4B-3.png	533310
craft/1200/4C-1.png	277249
craft/1200/4C-2.png	399593
craft/1200/4C-3.png	1821330
craft/1200/6D.jpg	883421
craft/1200/6E.jpg	1363340
craft/1200/6F.jpg	942929
craft/1200/6G.jpg	37684
craft/300/1A-1.jpg	8977
craft/300/1A-2.jpg	49060
craft/300/1A-3.jpg	159702
craft/300/1B-1.jpg	39803
craft/300/1B-2.jpg	25943
craft/300/1B-3.png	90224
craft/300/1C-1.png	219463
craft/300/1C-2.png	133079
craft/300/1C-3.png	80453
craft/300/2A-1.jpg	129779
craft/300/2A-2.jpg	125279
craft/300/2A-3.jpg	78064
craft/300/2B-1.jpg	43197
craft/300/2B-2.jpg	53324
craft/300/2B-3.jpg	49987
craft/300/2C-1.png	290550
craft/300/2C-2.png	51497
craft/300/2C-3.png	113829
craft/300/3A-1.jpg	48611
craft/300/3A-2.png	209918
craft/300/3A-3.jpg	91232
craft/300/3B-1.jpg	41992
craft/300/3B-2.jpg	29123
craft/300/3B-3.jpg	35469
craft/300/3C-1.png	42413
craft/300/3C-2.png	25827
craft/300/3C-3.png	64520
craft/300/4A-1.png	161664
craft/300/4A-2.jpg	36200
craft/300/4A-3.png	203193
craft/300/4B-1.png	55860
craft/300/4B-2.jpg	96446
craft/300/4B-3.png	53714
craft/300/4C-1.png	46848
craft/300/4C-2.png	62562
craft/300/4C-3.png	174421
craft/300/6D.jpg	73528
craft/300/6E.jpg	127240
craft/300/6F.jpg	138352
craft/300/6G.jpg	8995
craft/600/1A-1.jpg	23049
craft/600/1A-2.jpg	153205
craft/600/1A-3.jpg	521561
craft/600/1B-1.jpg	146744
craft/600/1B-2.jpg	88998
craft/600/1B-3.png	341595
craft/600/1C-1.png	910301
craft/600/1C-2.png	379422
craft/600/1C-3.png	212118
craft/600/2A-1.jpg	375639
craft/600/2A-2.jpg	328441
craft/600/2A-3.jpg	121826
craft/600/2B-1.jpg	80218
craft/600/2B-2.jpg	189776
craft/600/2B-3.jpg	179134
craft/600/2C-1.png	1187824
craft/600/2C-2.png	156163
craft/600/2C-3.png	350783
craft/600/3A-1.jpg	121675
craft/600/3A-2.png	770708
craft/600/3A-3.jpg	274041
craft/600/3B-1.jpg	76520
craft/600/3B-2.jpg	62192
craft/600/3B-3.jpg	131774
craft/600/3C-1.png	102066
craft/600/3C-2.png	61102
craft/600/3C-3.png	166051
craft/600/4A-1.png	405165
craft/600/4A-2.jpg	110380
craft/600/4A-3.png	648944
craft/600/4B-1.png	157304
craft/600/4B-2.jpg	261690
craft/600/4B-3.png	174805
craft/600/4C-1.png	113406
craft/600/4C-2.png	163634
craft/600/4C-3.png	592150
craft/600/6D.jpg	266157
craft/600/6E.jpg	390094
craft/600/6F.jpg	394368
craft/600/6G.jpg	16661
drupal/1200/1A-1.jpg	61092
drupal/1200/1A-2.jpg	524945
drupal/1200/1A-3.jpg	1710911
drupal/1200/1B-1.jpg	526396
drupal/1200/1B-2.jpg	289989
drupal/1200/1B-3.png	1162822
drupal/1200/1C-1.png	3279339
drupal/1200/1C-2.png	1168799
drupal/1200/1C-3.png	551882
drupal/1200/2A-1.jpg	1200859
drupal/1200/2A-2.jpg	1006476
drupal/1200/2A-3.jpg	281118
drupal/1200/2B-1.jpg	222029
drupal/1200/2B-2.jpg	634559
drupal/1200/2B-3.jpg	585661
drupal/1200/2C-1.png	4306401
drupal/1200/2C-2.png	474917
drupal/1200/2C-3.png	1027817
drupal/1200/3A-1.jpg	386283
drupal/1200/3A-2.png	2645079
drupal/1200/3A-3.jpg	977857
drupal/1200/3B-1.jpg	213736
drupal/1200/3B-2.jpg	145161
drupal/1200/3B-3.jpg	536403
drupal/1200/3C-1.png	181677
drupal/1200/3C-2.png	102939
drupal/1200/3C-3.png	327306
drupal/1200/4A-1.png	709259
drupal/1200/4A-2.jpg	283907
drupal/1200/4A-3.png	1729046
drupal/1200/4B-1.png	360634
drupal/1200/4B-2.jpg	765713
drupal/1200/4B-3.png	533310
drupal/1200/4C-1.png	252713
drupal/1200/4C-2.png	341031
drupal/1200/4C-3.png	1351349
drupal/1200/6D.jpg	811529
drupal/1200/6E.jpg	1363340
drupal/1200/6F.jpg	860080
drupal/1200/6G.jpg	35171
drupal/300/1A-1.jpg	8977
drupal/300/1A-2.jpg	49060
drupal/300/1A-3.jpg	159702
drupal/300/1B-1.jpg	39803
drupal/300/1B-2.jpg	23574
drupal/300/1B-3.png	90224
drupal/300/1C-1.png	199362
drupal/300/1C-2.png	119539
drupal/300/1C-3.png	64819
drupal/300/2A-1.jpg	129779
drupal/300/2A-2.jpg	125279
drupal/300/2A-3.jpg	78064
drupal/300/2B-1.jpg	43197
drupal/300/2B-2.jpg	49885
drupal/300/2B-3.jpg	46890
drupal/300/2C-1.png	261784
drupal/300/2C-2.png	41935
drupal/300/2C-3.png	94812
drupal/300/3A-1.jpg	48611
drupal/300/3A-2.png	193061
drupal/300/3A-3.jpg	91232
drupal/300/3B-1.jpg	41992
drupal/300/3B-2.jpg	29123
drupal/300/3B-3.jpg	35469
drupal/300/3C-1.png	30713
drupal/300/3C-2.png	20134
drupal/300/3C-3.png	50339
drupal/300/4A-1.png	132926
drupal/300/4A-2.jpg	36200
drupal/300/4A-3.png	203193
drupal/300/4B-1.png	56515
drupal/300/4B-2.jpg	93696
drupal/300/4B-3.png	53714
drupal/300/4C-1.png	42785
drupal/300/4C-2.png	57391
drupal/300/4C-3.png	148397
drupal/300/6D.jpg	73528
drupal/300/6E.jpg	127240
drupal/300/6F.jpg	138352
drupal/300/6G.jpg	8598
drupal/600/1A-1.jpg	23049
drupal/600/1A-2.jpg	153205
drupal/600/1A-3.jpg	521561
drupal/600/1B-1.jpg	146744
drupal/600/1B-2.jpg	79946
drupal/600/1B-3.png	341595
drupal/600/1C-1.png	836032
drupal/600/1C-2.png	345298
drupal/600/1C-3.png	181686
drupal/600/2A-1.jpg	375639
drupal/600/2A-2.jpg	328441
drupal/600/2A-3.jpg	121826
drupal/600/2B-1.jpg	80218
drupal/600/2B-2.jpg	175847
drupal/600/2B-3.jpg	167360
drupal/600/2C-1.png	1094931
drupal/600/2C-2.png	131999
drupal/600/2C-3.png	305443
drupal/600/3A-1.jpg	121675
drupal/600/3A-2.png	717054
drupal/600/3A-3.jpg	274041
drupal/600/3B-1.jpg	76520
drupal/600/3B-2.jpg	62192
drupal/600/3B-3.jpg	131774
drupal/600/3C-1.png	75481
drupal/600/3C-2.png	46673
drupal/600/3C-3.png	130228
drupal/600/4A-1.png	324430
drupal/600/4A-2.jpg	110380
drupal/600/4A-3.png	648944
drupal/600/4B-1.png	149751
drupal/600/4B-2.jpg	251032
drupal/600/4B-3.png	174805
drupal/600/4C-1.png	103238
drupal/600/4C-2.png	137282
drupal/600/4C-3.png	467582
drupal/600/6D.jpg	266157
drupal/600/6E.jpg	390094
drupal/600/6F.jpg	355390
drupal/600/6G.jpg	15530
gruntresponsiveimages/1200/1A-1.jpg	715407
gruntresponsiveimages/1200/1A-2.jpg	1620995
gruntresponsiveimages/1200/1A-3.jpg	2100927
gruntresponsiveimages/1200/1B-1.jpg	1380903
gruntresponsiveimages/1200/1B-2.jpg	702246
gruntresponsiveimages/1200/1B-3.png	1162705
gruntresponsiveimages/1200/1C-1.png	4276482
gruntresponsiveimages/1200/1C-2.png	1082287
gruntresponsiveimages/1200/1C-3.png	615603
gruntresponsiveimages/1200/2A-1.jpg	1563483
gruntresponsiveimages/1200/2A-2.jpg	1802445
gruntresponsiveimages/1200/2A-3.jpg	1076868
gruntresponsiveimages/1200/2B-1.jpg	738006
gruntresponsiveimages/1200/2B-2.jpg	634559
gruntresponsiveimages/1200/2B-3.jpg	585661
gruntresponsiveimages/1200/2C-1.png	4785919
gruntresponsiveimages/1200/2C-2.png	546656
gruntresponsiveimages/1200/2C-3.png	1128293
gruntresponsiveimages/1200/3A-1.jpg	424900
gruntresponsiveimages/1200/3A-2.png	3312384
gruntresponsiveimages/1200/3A-3.jpg	1074611
gruntresponsiveimages/1200/3B-1.jpg	262011
gruntresponsiveimages/1200/3B-2.jpg	271564
gruntresponsiveimages/1200/3B-3.jpg	890986
gruntresponsiveimages/1200/3C-1.png	164120
gruntresponsiveimages/1200/3C-2.png	84949
gruntresponsiveimages/1200/3C-3.png	274910
gruntresponsiveimages/1200/4A-1.png	416845
gruntresponsiveimages/1200/4A-2.jpg	679042
gruntresponsiveimages/1200/4A-3.png	1823287
gruntresponsiveimages/1200/4B-1.png	362645
gruntresponsiveimages/1200/4B-2.jpg	796262
gruntresponsiveimages/1200/4B-3.png	524830
gruntresponsiveimages/1200/4C-1.png	202373
gruntresponsiveimages/1200/4C-2.png	308740
gruntresponsiveimages/1200/4C-3.png	1236918
gruntresponsiveimages/1200/6D.jpg	920566
gruntresponsiveimages/1200/6E.jpg	1569225
gruntresponsiveimages/1200/6F.jpg	1153410
gruntresponsiveimages/1200/6G.jpg	96315
gruntresponsiveimages/300/1A-1.jpg	67032
gruntresponsiveimages/300/1A-2.jpg	146257
gruntresponsiveimages/300/1A-3.jpg	183721
gruntresponsiveimages/300/1B-1.jpg	99599
gruntresponsiveimages/300/1B-2.jpg	49229
gruntresponsiveimages/300/1B-3.png	90224
gruntresponsiveimages/300/1C-1.png	259372
gruntresponsiveimages/300/1C-2.png	93652
gruntresponsiveimages/300/1C-3.png	53118
gruntresponsiveimages/300/2A-1.jpg	157374
gruntresponsiveimages/300/2A-2.jpg	183317
gruntresponsiveimages/300/2A-3.jpg	131953
gruntresponsiveimages/300/2B-1.jpg	73640
gruntresponsiveimages/300/2B-2.jpg	49885
gruntresponsiveimages/300/2B-3.jpg	46890
gruntresponsiveimages/300/2C-1.png	270708
gruntresponsiveimages/300/2C-2.png	45830
gruntresponsiveimages/300/2C-3.png	92374
gruntresponsiveimages/300/3A-1.jpg	51778
gruntresponsiveimages/300/3A-2.png	208251
gruntresponsiveimages/300/3A-3.jpg	98292
gruntresponsiveimages/300/3B-1.jpg	45128
gruntresponsiveimages/300/3B-2.jpg	55797
gruntresponsiveimages/300/3B-3.jpg	57108
gruntresponsiveimages/300/3C-1.png	26149
gruntresponsiveimages/300/3C-2.png	15649
gruntresponsiveimages/300/3C-3.png	41452
gruntresponsiveimages/300/4A-1.png	114959
gruntresponsiveimages/300/4A-2.jpg	74280
gruntresponsiveimages/300/4A-3.png	176394
gruntresponsiveimages/300/4B-1.png	56568
gruntresponsiveimages/300/4B-2.jpg	95347
gruntresponsiveimages/300/4B-3.png	53160
gruntresponsiveimages/300/4C-1.png	30428
gruntresponsiveimages/300/4C-2.png	56816
gruntresponsiveimages/300/4C-3.png	148909
gruntresponsiveimages/300/6D.jpg	82396
gruntresponsiveimages/300/6E.jpg	140913
gruntresponsiveimages/300/6F.jpg	167975
gruntresponsiveimages/300/6G.jpg	15595
gruntresponsiveimages/600/1A-1.jpg	222005
gruntresponsiveimages/600/1A-2.jpg	492037
gruntresponsiveimages/600/1A-3.jpg	613392
gruntresponsiveimages/600/1B-1.jpg	383490
gruntresponsiveimages/600/1B-2.jpg	182225
gruntresponsiveimages/600/1B-3.png	341583
gruntresponsiveimages/600/1C-1.png	1056182
gruntresponsiveimages/600/1C-2.png	295321
gruntresponsiveimages/600/1C-3.png	166822
gruntresponsiveimages/600/2A-1.jpg	478586
gruntresponsiveimages/600/2A-2.jpg	556799
gruntresponsiveimages/600/2A-3.jpg	340048
gruntresponsiveimages/600/2B-1.jpg	203572
gruntresponsiveimages/600/2B-2.jpg	175847
gruntresponsiveimages/600/2B-3.jpg	167360
gruntresponsiveimages/600/2C-1.png	1170041
gruntresponsiveimages/600/2C-2.png	146333
gruntresponsiveimages/600/2C-3.png	314617
gruntresponsiveimages/600/3A-1.jpg	131954
gruntresponsiveimages/600/3A-2.png	814482
gruntresponsiveimages/600/3A-3.jpg	299503
gruntresponsiveimages/600/3B-1.jpg	88378
gruntresponsiveimages/600/3B-2.jpg	118381
gruntresponsiveimages/600/3B-3.jpg	227063
gruntresponsiveimages/600/3C-1.png	65477
gruntresponsiveimages/600/3C-2.png	36799
gruntresponsiveimages/600/3C-3.png	106805
gruntresponsiveimages/600/4A-1.png	277094
gruntresponsiveimages/600/4A-2.jpg	242843
gruntresponsiveimages/600/4A-3.png	573281
gruntresponsiveimages/600/4B-1.png	156725
gruntresponsiveimages/600/4B-2.jpg	258127
gruntresponsiveimages/600/4B-3.png	172357
gruntresponsiveimages/600/4C-1.png	77288
gruntresponsiveimages/600/4C-2.png	132128
gruntresponsiveimages/600/4C-3.png	441099
gruntresponsiveimages/600/6D.jpg	297295
gruntresponsiveimages/600/6E.jpg	441456
gruntresponsiveimages/600/6F.jpg	454169
gruntresponsiveimages/600/6G.jpg	35975
imagickal/1200/1A-1.jpg	60548
imagickal/1200/1A-2.jpg	512612
imagickal/1200/1A-3.jpg	1640234
imagickal/1200/1B-1.jpg	505042
imagickal/1200/1B-2.jpg	310298
imagickal/1200/1B-3.png	1146278
imagickal/1200/1C-1.png	3429281
imagickal/1200/1C-2.png	1146642
imagickal/1200/1C-3.png	570159
imagickal/1200/2A-1.jpg	1154329
imagickal/1200/2A-2.jpg	978704
imagickal/1200/2A-3.jpg	275296
imagickal/1200/2B-1.jpg	213466
imagickal/1200/2B-2.jpg	667873
imagickal/1200/2B-3.jpg	615571
imagickal/1200/2C-1.png	4448841
imagickal/1200/2C-2.png	506834
imagickal/1200/2C-3.png	1069658
imagickal/1200/3A-1.jpg	376120
imagickal/1200/3A-2.png	2738003
imagickal/1200/3A-3.jpg	954736
imagickal/1200/3B-1.jpg	206473
imagickal/1200/3B-2.jpg	140559
imagickal/1200/3B-3.jpg	515576
imagickal/1200/3C-1.png	181391
imagickal/1200/3C-2.png	100851
imagickal/1200/3C-3.png	323057
imagickal/1200/4A-1.png	423215
imagickal/1200/4A-2.jpg	296646
imagickal/1200/4A-3.png	1821245
imagickal/1200/4B-1.png	319565
imagickal/1200/4B-2.jpg	788837
imagickal/1200/4B-3.png	496666
imagickal/1200/4C-1.png	242657
imagickal/1200/4C-2.png	299039
imagickal/1200/4C-3.png	1305788
imagickal/1200/6D.jpg	856247
imagickal/1200/6E.jpg	1313076
imagickal/1200/6F.jpg	921356
imagickal/1200/6G.jpg	36634
imagickal/300/1A-1.jpg	8833
imagickal/300/1A-2.jpg	47826
imagickal/300/1A-3.jpg	154205
imagickal/300/1B-1.jpg	37967
imagickal/300/1B-2.jpg	25107
imagickal/300/1B-3.png	88658
imagickal/300/1C-1.png	207899
imagickal/300/1C-2.png	105106
imagickal/300/1C-3.png	65824
imagickal/300/2A-1.jpg	125977
imagickal/300/2A-2.jpg	122792
imagickal/300/2A-3.jpg	77476
imagickal/300/2B-1.jpg	42625
imagickal/300/2B-2.jpg	52062
imagickal/300/2B-3.jpg	48859
imagickal/300/2C-1.png	275853
imagickal/300/2C-2.png	43602
imagickal/300/2C-3.png	97637
imagickal/300/3A-1.jpg	47653
imagickal/300/3A-2.png	200092
imagickal/300/3A-3.jpg	89349
imagickal/300/3B-1.jpg	41444
imagickal/300/3B-2.jpg	28560
imagickal/300/3B-3.jpg	34399
imagickal/300/3C-1.png	30898
imagickal/300/3C-2.png	19962
imagickal/300/3C-3.png	50490
imagickal/300/4A-1.png	130599
imagickal/300/4A-2.jpg	35244
imagickal/300/4A-3.png	186406
imagickal/300/4B-1.png	51130
imagickal/300/4B-2.jpg	95193
imagickal/300/4B-3.png	50623
imagickal/300/4C-1.png	39578
imagickal/300/4C-2.png	50482
imagickal/300/4C-3.png	147050
imagickal/300/6D.jpg	71506
imagickal/300/6E.jpg	124217
imagickal/300/6F.jpg	133563
imagickal/300/6G.jpg	8837
imagickal/600/1A-1.jpg	22778
imagickal/600/1A-2.jpg	149790
imagickal/600/1A-3.jpg	500263
imagickal/600/1B-1.jpg	140132
imagickal/600/1B-2.jpg	85630
imagickal/600/1B-3.png	334608
imagickal/600/1C-1.png	873296
imagickal/600/1C-2.png	320472
imagickal/600/1C-3.png	185871
imagickal/600/2A-1.jpg	361788
imagickal/600/2A-2.jpg	319609
imagickal/600/2A-3.jpg	120052
imagickal/600/2B-1.jpg	77918
imagickal/600/2B-2.jpg	184839
imagickal/600/2B-3.jpg	175253
imagickal/600/2C-1.png	1145681
imagickal/600/2C-2.png	138521
imagickal/600/2C-3.png	315796
imagickal/600/3A-1.jpg	118799
imagickal/600/3A-2.png	744099
imagickal/600/3A-3.jpg	267325
imagickal/600/3B-1.jpg	74637
imagickal/600/3B-2.jpg	61044
imagickal/600/3B-3.jpg	127007
imagickal/600/3C-1.png	75614
imagickal/600/3C-2.png	45711
imagickal/600/3C-3.png	129963
imagickal/600/4A-1.png	321031
imagickal/600/4A-2.jpg	106974
imagickal/600/4A-3.png	595995
imagickal/600/4B-1.png	134162
imagickal/600/4B-2.jpg	257006
imagickal/600/4B-3.png	160950
imagickal/600/4C-1.png	95916
imagickal/600/4C-2.png	120836
imagickal/600/4C-3.png	457593
imagickal/600/6D.jpg	258052
imagickal/600/6E.jpg	377691
imagickal/600/6F.jpg	380613
imagickal/600/6G.jpg	16174
koken-huge/1200/1A-1.jpg	220732
koken-huge/1200/1A-2.jpg	375977
koken-huge/1200/1A-3.jpg	501290
koken-huge/1200/1B-1.jpg	526396
koken-huge/1200/1B-2.jpg	238715
koken-huge/1200/1B-3.png	1162705
koken-huge/1200/1C-1.png	4268198
koken-huge/1200/1C-2.png	1052509
koken-huge/1200/1C-3.png	611501
koken-huge/1200/2A-1.jpg	405464
koken-huge/1200/2A-2.jpg	546150
koken-huge/1200/2A-3.jpg	281118
koken-huge/1200/2B-1.jpg	321163
koken-huge/1200/2B-2.jpg	246892
koken-huge/1200/2B-3.jpg	231315
koken-huge/1200/2C-1.png	4771393
koken-huge/1200/2C-2.png	537166
koken-huge/1200/2C-3.png	1125417
koken-huge/1200/3A-1.jpg	183548
koken-huge/1200/3A-2.png	3305786
koken-huge/1200/3A-3.jpg	434285
koken-huge/1200/3B-1.jpg	87116
koken-huge/1200/3B-2.jpg	165740
koken-huge/1200/3B-3.jpg	323278
koken-huge/1200/3C-1.png	149363
koken-huge/1200/3C-2.png	84029
koken-huge/1200/3C-3.png	266874
koken-huge/1200/4A-1.png	255207
koken-huge/1200/4A-2.jpg	283907
koken-huge/1200/4A-3.png	1823287
koken-huge/1200/4B-1.png	362645
koken-huge/1200/4B-2.jpg	458419
koken-huge/1200/4B-3.png	524830
koken-huge/1200/4C-1.png	202373
koken-huge/1200/4C-2.png	308740
koken-huge/1200/4C-3.png	989509
koken-huge/1200/6D.jpg	353029
koken-huge/1200/6E.jpg	461582
koken-huge/1200/6F.jpg	339366
koken-huge/1200/6G.jpg	38060
koken-huge/300/1A-1.jpg	24237
koken-huge/300/1A-2.jpg	37058
koken-huge/300/1A-3.jpg	66906
koken-huge/300/1B-1.jpg	39803
koken-huge/300/1B-2.jpg	19982
koken-huge/300/1B-3.png	90224
koken-huge/300/1C-1.png	256702
koken-huge/300/1C-2.png	87606
koken-huge/300/1C-3.png	51730
koken-huge/300/2A-1.jpg	63737
koken-huge/300/2A-2.jpg	88038
koken-huge/300/2A-3.jpg	78064
koken-huge/300/2B-1.jpg	49453
koken-huge/300/2B-2.jpg	22870
koken-huge/300/2B-3.jpg	21702
koken-huge/300/2C-1.png	268393
koken-huge/300/2C-2.png	43688
koken-huge/300/2C-3.png	89504
koken-huge/300/3A-1.jpg	32399
koken-huge/300/3A-2.png	206042
koken-huge/300/3A-3.jpg	52687
koken-huge/300/3B-1.jpg	33116
koken-huge/300/3B-2.jpg	33514
koken-huge/300/3B-3.jpg	24392
koken-huge/300/3C-1.png	22687
koken-huge/300/3C-2.png	15111
koken-huge/300/3C-3.png	38401
koken-huge/300/4A-1.png	105847
koken-huge/300/4A-2.jpg	36200
koken-huge/300/4A-3.png	176394
koken-huge/300/4B-1.png	56568
koken-huge/300/4B-2.jpg	71790
koken-huge/300/4B-3.png	53160
koken-huge/300/4C-1.png	30358
koken-huge/300/4C-2.png	56816
koken-huge/300/4C-3.png	125546
koken-huge/300/6D.jpg	34334
koken-huge/300/6E.jpg	72456
koken-huge/300/6F.jpg	64668
koken-huge/300/6G.jpg	8848
koken-huge/600/1A-1.jpg	69577
koken-huge/600/1A-2.jpg	112336
koken-huge/600/1A-3.jpg	156652
koken-huge/600/1B-1.jpg	146744
koken-huge/600/1B-2.jpg	66593
koken-huge/600/1B-3.png	341583
koken-huge/600/1C-1.png	1051367
koken-huge/600/1C-2.png	286709
koken-huge/600/1C-3.png	166180
koken-huge/600/2A-1.jpg	146757
koken-huge/600/2A-2.jpg	197439
koken-huge/600/2A-3.jpg	121826
koken-huge/600/2B-1.jpg	104421
koken-huge/600/2B-2.jpg	74221
koken-huge/600/2B-3.jpg	72191
koken-huge/600/2C-1.png	1165132
koken-huge/600/2C-2.png	140971
koken-huge/600/2C-3.png	311600
koken-huge/600/3A-1.jpg	66167
koken-huge/600/3A-2.png	810141
koken-huge/600/3A-3.jpg	131449
koken-huge/600/3B-1.jpg	45570
koken-huge/600/3B-2.jpg	71036
koken-huge/600/3B-3.jpg	82855
koken-huge/600/3C-1.png	57763
koken-huge/600/3C-2.png	36306
koken-huge/600/3C-3.png	101076
koken-huge/600/4A-1.png	268146
koken-huge/600/4A-2.jpg	110380
koken-huge/600/4A-3.png	573281
koken-huge/600/4B-1.png	156725
koken-huge/600/4B-2.jpg	168408
koken-huge/600/4B-3.png	172357
koken-huge/600/4C-1.png	77288
koken-huge/600/4C-2.png	132128
koken-huge/600/4C-3.png	351883
koken-huge/600/6D.jpg	111164
koken-huge/600/6E.jpg	157098
koken-huge/600/6F.jpg	137932
koken-huge/600/6G.jpg	16355
koken-medium/1200/1A-1.jpg	195427
koken-medium/1200/1A-2.jpg	321987
koken-medium/1200/1A-3.jpg	446960
koken-medium/1200/1B-1.jpg	498412
koken-medium/1200/1B-2.jpg	217536
koken-medium/1200/1B-3.png	1307913
koken-medium/1200/1C-1.png	3571831
koken-medium/1200/1C-2.png	1205470
koken-medium/1200/1C-3.png	585266
koken-medium/1200/2A-1.jpg	360601
koken-medium/1200/2A-2.jpg	493558
koken-medium/1200/2A-3.jpg	254216
koken-medium/1200/2B-1.jpg	311828
koken-medium/1200/2B-2.jpg	230432
koken-medium/1200/2B-3.jpg	212734
koken-medium/1200/2C-1.png	4521669
koken-medium/1200/2C-2.png	558532
koken-medium/1200/2C-3.png	1151355
koken-medium/1200/3A-1.jpg	176699
koken-medium/1200/3A-2.png	2878557
koken-medium/1200/3A-3.jpg	426502
koken-medium/1200/3B-1.jpg	81852
koken-medium/1200/3B-2.jpg	150440
koken-medium/1200/3B-3.jpg	299853
koken-medium/1200/3C-1.png	233296
koken-medium/1200/3C-2.png	110716
koken-medium/1200/3C-3.png	379635
koken-medium/1200/4A-1.png	711142
koken-medium/1200/4A-2.jpg	260384
koken-medium/1200/4A-3.png	1868145
koken-medium/1200/4B-1.png	261907
koken-medium/1200/4B-2.jpg	447761
koken-medium/1200/4B-3.png	439612
koken-medium/1200/4C-1.png	223026
koken-medium/1200/4C-2.png	242508
koken-medium/1200/4C-3.png	1896829
koken-medium/1200/6D.jpg	327799
koken-medium/1200/6E.jpg	432968
koken-medium/1200/6F.jpg	283178
koken-medium/1200/6G.jpg	30658
koken-medium/300/1A-1.jpg	22461
koken-medium/300/1A-2.jpg	33381
koken-medium/300/1A-3.jpg	63797
koken-medium/300/1B-1.jpg	38615
koken-medium/300/1B-2.jpg	18505
koken-medium/300/1B-3.png	97267
koken-medium/300/1C-1.png	222084
koken-medium/300/1C-2.png	133345
koken-medium/300/1C-3.png	75062
koken-medium/300/2A-1.jpg	60784
koken-medium/300/2A-2.jpg	84862
koken-medium/300/2A-3.jpg	76573
koken-medium/300/2B-1.jpg	48842
koken-medium/300/2B-2.jpg	22068
koken-medium/300/2B-3.jpg	20982
koken-medium/300/2C-1.png	295029
koken-medium/300/2C-2.png	49914
koken-medium/300/2C-3.png	112444
koken-medium/300/3A-1.jpg	31659
koken-medium/300/3A-2.png	211289
koken-medium/300/3A-3.jpg	51884
koken-medium/300/3B-1.jpg	32620
koken-medium/300/3B-2.jpg	30308
koken-medium/300/3B-3.jpg	22798
koken-medium/300/3C-1.png	40468
koken-medium/300/3C-2.png	21574
koken-medium/300/3C-3.png	61796
koken-medium/300/4A-1.png	155133
koken-medium/300/4A-2.jpg	34128
koken-medium/300/4A-3.png	223935
koken-medium/300/4B-1.png	43488
koken-medium/300/4B-2.jpg	70819
koken-medium/300/4B-3.png	50326
koken-medium/300/4C-1.png	36919
koken-medium/300/4C-2.png	41263
koken-medium/300/4C-3.png	173120
koken-medium/300/6D.jpg	32798
koken-medium/300/6E.jpg	70586
koken-medium/300/6F.jpg	61538
koken-medium/300/6G.jpg	7985
koken-medium/600/1A-1.jpg	62642
koken-medium/600/1A-2.jpg	97808
koken-medium/600/1A-3.jpg	143413
koken-medium/600/1B-1.jpg	141683
koken-medium/600/1B-2.jpg	61487
koken-medium/600/1B-3.png	371484
koken-medium/600/1C-1.png	924962
koken-medium/600/1C-2.png	311949
koken-medium/600/1C-3.png	196924
koken-medium/600/2A-1.jpg	135565
koken-medium/600/2A-2.jpg	185029
koken-medium/600/2A-3.jpg	115780
koken-medium/600/2B-1.jpg	102264
koken-medium/600/2B-2.jpg	70470
koken-medium/600/2B-3.jpg	68406
koken-medium/600/2C-1.png	1196816
koken-medium/600/2C-2.png	154534
koken-medium/600/2C-3.png	351847
koken-medium/600/3A-1.jpg	64009
koken-medium/600/3A-2.png	785985
koken-medium/600/3A-3.jpg	129106
koken-medium/600/3B-1.jpg	43873
koken-medium/600/3B-2.jpg	64862
koken-medium/600/3B-3.jpg	76271
koken-medium/600/3C-1.png	99370
koken-medium/600/3C-2.png	49564
koken-medium/600/3C-3.png	158179
koken-medium/600/4A-1.png	371918
koken-medium/600/4A-2.jpg	104092
koken-medium/600/4A-3.png	709666
koken-medium/600/4B-1.png	110662
koken-medium/600/4B-2.jpg	166090
koken-medium/600/4B-3.png	152360
koken-medium/600/4C-1.png	87675
koken-medium/600/4C-2.png	97803
koken-medium/600/4C-3.png	587020
koken-medium/600/6D.jpg	106075
koken-medium/600/6E.jpg	150137
koken-medium/600/6F.jpg	123774
koken-medium/600/6G.jpg	13974
koken-small/1200/1A-1.jpg	160560
koken-small/1200/1A-2.jpg	254701
koken-small/1200/1A-3.jpg	365163
koken-small/1200/1B-1.jpg	417003
koken-small/1200/1B-2.jpg	179804
koken-small/1200/1B-3.png	1307913
koken-small/1200/1C-1.png	4360847
koken-small/1200/1C-2.png	1057124
koken-small/1200/1C-3.png	643008
koken-small/1200/2A-1.jpg	300520
koken-small/1200/2A-2.jpg	418007
koken-small/1200/2A-3.jpg	213216
koken-small/1200/2B-1.jpg	268482
koken-small/1200/2B-2.jpg	195220
koken-small/1200/2B-3.jpg	181240
koken-small/1200/2C-1.png	4618244
koken-small/1200/2C-2.png	651238
koken-small/1200/2C-3.png	1211169
koken-small/1200/3A-1.jpg	153029
koken-small/1200/3A-2.png	3502474
koken-small/1200/3A-3.jpg	358166
koken-small/1200/3B-1.jpg	72945
koken-small/1200/3B-2.jpg	136555
koken-small/1200/3B-3.jpg	248149
koken-small/1200/3C-1.png	230062
koken-small/1200/3C-2.png	94905
koken-small/1200/3C-3.png	316597
koken-small/1200/4A-1.png	595522
koken-small/1200/4A-2.jpg	225734
koken-small/1200/4A-3.png	1954187
koken-small/1200/4B-1.png	264941
koken-small/1200/4B-2.jpg	403974
koken-small/1200/4B-3.png	439612
koken-small/1200/4C-1.png	179400
koken-small/1200/4C-2.png	225349
koken-small/1200/4C-3.png	1903072
koken-small/1200/6D.jpg	278410
koken-small/1200/6E.jpg	365753
koken-small/1200/6F.jpg	236683
koken-small/1200/6G.jpg	27116
koken-small/300/1A-1.jpg	19369
koken-small/300/1A-2.jpg	28129
koken-small/300/1A-3.jpg	58276
koken-small/300/1B-1.jpg	32932
koken-small/300/1B-2.jpg	15790
koken-small/300/1B-3.png	97267
koken-small/300/1C-1.png	274072
koken-small/300/1C-2.png	99374
koken-small/300/1C-3.png	62434
koken-small/300/2A-1.jpg	55351
koken-small/300/2A-2.jpg	78093
koken-small/300/2A-3.jpg	73732
koken-small/300/2B-1.jpg	46123
koken-small/300/2B-2.jpg	19144
koken-small/300/2B-3.jpg	17965
koken-small/300/2C-1.png	299048
koken-small/300/2C-2.png	55766
koken-small/300/2C-3.png	113300
koken-small/300/3A-1.jpg	29721
koken-small/300/3A-2.png	219066
koken-small/300/3A-3.jpg	47277
koken-small/300/3B-1.jpg	31803
koken-small/300/3B-2.jpg	27498
koken-small/300/3B-3.jpg	20462
koken-small/300/3C-1.png	37394
koken-small/300/3C-2.png	17168
koken-small/300/3C-3.png	52175
koken-small/300/4A-1.png	138173
koken-small/300/4A-2.jpg	30503
koken-small/300/4A-3.png	187154
koken-small/300/4B-1.png	46360
koken-small/300/4B-2.jpg	67349
koken-small/300/4B-3.png	50326
koken-small/300/4C-1.png	27941
koken-small/300/4C-2.png	40768
koken-small/300/4C-3.png	181963
koken-small/300/6D.jpg	29321
koken-small/300/6E.jpg	66213
koken-small/300/6F.jpg	55786
koken-small/300/6G.jpg	7486
koken-small/600/1A-1.jpg	52687
koken-small/600/1A-2.jpg	79962
koken-small/600/1A-3.jpg	121784
koken-small/600/1B-1.jpg	118854
koken-small/600/1B-2.jpg	51652
koken-small/600/1B-3.png	371484
koken-small/600/1C-1.png	1097871
koken-small/600/1C-2.png	275613
koken-small/600/1C-3.png	176895
koken-small/600/2A-1.jpg	117886
koken-small/600/2A-2.jpg	162456
koken-small/600/2A-3.jpg	105744
koken-small/600/2B-1.jpg	91872
koken-small/600/2B-2.jpg	60306
koken-small/600/2B-3.jpg	58689
koken-small/600/2C-1.png	1229549
koken-small/600/2C-2.png	175278
koken-small/600/2C-3.png	360007
koken-small/600/3A-1.jpg	57363
koken-small/600/3A-2.png	863602
koken-small/600/3A-3.jpg	111495
koken-small/600/3B-1.jpg	41532
koken-small/600/3B-2.jpg	59043
koken-small/600/3B-3.jpg	65522
koken-small/600/3C-1.png	94690
koken-small/600/3C-2.png	40477
koken-small/600/3C-3.png	132983
koken-small/600/4A-1.png	317004
koken-small/600/4A-2.jpg	91434
koken-small/600/4A-3.png	596757
koken-small/600/4B-1.png	114612
koken-small/600/4B-2.jpg	153285
koken-small/600/4B-3.png	152360
koken-small/600/4C-1.png	68728
koken-small/600/4C-2.png	94635
koken-small/600/4C-3.png	604081
koken-small/600/6D.jpg	90831
koken-small/600/6E.jpg	132949
koken-small/600/6F.jpg	106917
koken-small/600/6G.jpg	12702
koken-tiny/1200/1A-1.jpg	166340
koken-tiny/1200/1A-2.jpg	264195
koken-tiny/1200/1A-3.jpg	379372
koken-tiny/1200/1B-1.jpg	432935
koken-tiny/1200/1B-2.jpg	187206
koken-tiny/1200/1B-3.png	1334090
koken-tiny/1200/1C-1.png	4367865
koken-tiny/1200/1C-2.png	1032804
koken-tiny/1200/1C-3.png	647976
koken-tiny/1200/2A-1.jpg	309305
koken-tiny/1200/2A-2.jpg	429808
koken-tiny/1200/2A-3.jpg	219959
koken-tiny/1200/2B-1.jpg	276795
koken-tiny/1200/2B-2.jpg	202170
koken-tiny/1200/2B-3.jpg	187334
koken-tiny/1200/2C-1.png	4463945
koken-tiny/1200/2C-2.png	664109
koken-tiny/1200/2C-3.png	1225786
koken-tiny/1200/3A-1.jpg	156419
koken-tiny/1200/3A-2.png	3530143
koken-tiny/1200/3A-3.jpg	370321
koken-tiny/1200/3B-1.jpg	74525
koken-tiny/1200/3B-2.jpg	135868
koken-tiny/1200/3B-3.jpg	256637
koken-tiny/1200/3C-1.png	236742
koken-tiny/1200/3C-2.png	98978
koken-tiny/1200/3C-3.png	328096
koken-tiny/1200/4A-1.png	639706
koken-tiny/1200/4A-2.jpg	231645
koken-tiny/1200/4A-3.png	1976812
koken-tiny/1200/4B-1.png	255191
koken-tiny/1200/4B-2.jpg	413563
koken-tiny/1200/4B-3.png	407178
koken-tiny/1200/4C-1.png	176436
koken-tiny/1200/4C-2.png	215893
koken-tiny/1200/4C-3.png	1896949
koken-tiny/1200/6D.jpg	287759
koken-tiny/1200/6E.jpg	377240
koken-tiny/1200/6F.jpg	241096
koken-tiny/1200/6G.jpg	27142
koken-tiny/300/1A-1.jpg	19837
koken-tiny/300/1A-2.jpg	28969
koken-tiny/300/1A-3.jpg	59128
koken-tiny/300/1B-1.jpg	34007
koken-tiny/300/1B-2.jpg	16281
koken-tiny/300/1B-3.png	98475
koken-tiny/300/1C-1.png	274345
koken-tiny/300/1C-2.png	95149
koken-tiny/300/1C-3.png	64470
koken-tiny/300/2A-1.jpg	56144
koken-tiny/300/2A-2.jpg	79177
koken-tiny/300/2A-3.jpg	74157
koken-tiny/300/2B-1.jpg	46602
koken-tiny/300/2B-2.jpg	19710
koken-tiny/300/2B-3.jpg	18573
koken-tiny/300/2C-1.png	301530
koken-tiny/300/2C-2.png	56585
koken-tiny/300/2C-3.png	115893
koken-tiny/300/3A-1.jpg	29960
koken-tiny/300/3A-2.png	218180
koken-tiny/300/3A-3.jpg	47981
koken-tiny/300/3B-1.jpg	31921
koken-tiny/300/3B-2.jpg	27522
koken-tiny/300/3B-3.jpg	20658
koken-tiny/300/3C-1.png	37409
koken-tiny/300/3C-2.png	17761
koken-tiny/300/3C-3.png	52962
koken-tiny/300/4A-1.png	140924
koken-tiny/300/4A-2.jpg	30896
koken-tiny/300/4A-3.png	185143
koken-tiny/300/4B-1.png	44935
koken-tiny/300/4B-2.jpg	67822
koken-tiny/300/4B-3.png	48745
koken-tiny/300/4C-1.png	28152
koken-tiny/300/4C-2.png	39342
koken-tiny/300/4C-3.png	181704
koken-tiny/300/6D.jpg	29854
koken-tiny/300/6E.jpg	66868
koken-tiny/300/6F.jpg	56687
koken-tiny/300/6G.jpg	7505
koken-tiny/600/1A-1.jpg	54299
koken-tiny/600/1A-2.jpg	82472
koken-tiny/600/1A-3.jpg	125502
koken-tiny/600/1B-1.jpg	123199
koken-tiny/600/1B-2.jpg	53359
koken-tiny/600/1B-3.png	376623
koken-tiny/600/1C-1.png	1099301
koken-tiny/600/1C-2.png	272885
koken-tiny/600/1C-3.png	176470
koken-tiny/600/2A-1.jpg	120592
koken-tiny/600/2A-2.jpg	165874
koken-tiny/600/2A-3.jpg	107270
koken-tiny/600/2B-1.jpg	93800
koken-tiny/600/2B-2.jpg	62349
koken-tiny/600/2B-3.jpg	60669
koken-tiny/600/2C-1.png	1224284
koken-tiny/600/2C-2.png	178804
koken-tiny/600/2C-3.png	369089
koken-tiny/600/3A-1.jpg	58228
koken-tiny/600/3A-2.png	866283
koken-tiny/600/3A-3.jpg	114474
koken-tiny/600/3B-1.jpg	41869
koken-tiny/600/3B-2.jpg	59081
koken-tiny/600/3B-3.jpg	67038
koken-tiny/600/3C-1.png	96134
koken-tiny/600/3C-2.png	41890
koken-tiny/600/3C-3.png	136220
koken-tiny/600/4A-1.png	327443
koken-tiny/600/4A-2.jpg	92951
koken-tiny/600/4A-3.png	586482
koken-tiny/600/4B-1.png	110097
koken-tiny/600/4B-2.jpg	155492
koken-tiny/600/4B-3.png	144026
koken-tiny/600/4C-1.png	68381
koken-tiny/600/4C-2.png	90638
koken-tiny/600/4C-3.png	601873
koken-tiny/600/6D.jpg	93525
koken-tiny/600/6E.jpg	135706
koken-tiny/600/6F.jpg	109442
koken-tiny/600/6G.jpg	12711
koken-xlarge/1200/1A-1.jpg	224113
koken-xlarge/1200/1A-2.jpg	381350
koken-xlarge/1200/1A-3.jpg	509435
koken-xlarge/1200/1B-1.jpg	538933
koken-xlarge/1200/1B-2.jpg	243462
koken-xlarge/1200/1B-3.png	1171080
koken-xlarge/1200/1C-1.png	4292616
koken-xlarge/1200/1C-2.png	1097378
koken-xlarge/1200/1C-3.png	621842
koken-xlarge/1200/2A-1.jpg	410913
koken-xlarge/1200/2A-2.jpg	554147
koken-xlarge/1200/2A-3.jpg	285172
koken-xlarge/1200/2B-1.jpg	329194
koken-xlarge/1200/2B-2.jpg	251719
koken-xlarge/1200/2B-3.jpg	234881
koken-xlarge/1200/2C-1.png	4803393
koken-xlarge/1200/2C-2.png	560272
koken-xlarge/1200/2C-3.png	1139012
koken-xlarge/1200/3A-1.jpg	188009
koken-xlarge/1200/3A-2.png	3336519
koken-xlarge/1200/3A-3.jpg	447742
koken-xlarge/1200/3B-1.jpg	88343
koken-xlarge/1200/3B-2.jpg	167032
koken-xlarge/1200/3B-3.jpg	331033
koken-xlarge/1200/3C-1.png	173614
koken-xlarge/1200/3C-2.png	86420
koken-xlarge/1200/3C-3.png	275353
koken-xlarge/1200/4A-1.png	386959
koken-xlarge/1200/4A-2.jpg	287286
koken-xlarge/1200/4A-3.png	1839878
koken-xlarge/1200/4B-1.png	340939
koken-xlarge/1200/4B-2.jpg	465360
koken-xlarge/1200/4B-3.png	515163
koken-xlarge/1200/4C-1.png	198274
koken-xlarge/1200/4C-2.png	294566
koken-xlarge/1200/4C-3.png	1395049
koken-xlarge/1200/6D.jpg	359371
koken-xlarge/1200/6E.jpg	471391
koken-xlarge/1200/6F.jpg	341269
koken-xlarge/1200/6G.jpg	38044
koken-xlarge/300/1A-1.jpg	24603
koken-xlarge/300/1A-2.jpg	37635
koken-xlarge/300/1A-3.jpg	67644
koken-xlarge/300/1B-1.jpg	40905
koken-xlarge/300/1B-2.jpg	20338
koken-xlarge/300/1B-3.png	90774
koken-xlarge/300/1C-1.png	261434
koken-xlarge/300/1C-2.png	97064
koken-xlarge/300/1C-3.png	53955
koken-xlarge/300/2A-1.jpg	64371
koken-xlarge/300/2A-2.jpg	88923
koken-xlarge/300/2A-3.jpg	78414
koken-xlarge/300/2B-1.jpg	49968
koken-xlarge/300/2B-2.jpg	23358
koken-xlarge/300/2B-3.jpg	22205
koken-xlarge/300/2C-1.png	274678
koken-xlarge/300/2C-2.png	47213
koken-xlarge/300/2C-3.png	95105
koken-xlarge/300/3A-1.jpg	32729
koken-xlarge/300/3A-2.png	209849
koken-xlarge/300/3A-3.jpg	53632
koken-xlarge/300/3B-1.jpg	33245
koken-xlarge/300/3B-2.jpg	33708
koken-xlarge/300/3B-3.jpg	24776
koken-xlarge/300/3C-1.png	27989
koken-xlarge/300/3C-2.png	15662
koken-xlarge/300/3C-3.png	43259
koken-xlarge/300/4A-1.png	120259
koken-xlarge/300/4A-2.jpg	36789
koken-xlarge/300/4A-3.png	178934
koken-xlarge/300/4B-1.png	54800
koken-xlarge/300/4B-2.jpg	72423
koken-xlarge/300/4B-3.png	52806
koken-xlarge/300/4C-1.png	29537
koken-xlarge/300/4C-2.png	53385
koken-xlarge/300/4C-3.png	157797
koken-xlarge/300/6D.jpg	34974
koken-xlarge/300/6E.jpg	73099
koken-xlarge/300/6F.jpg	65422
koken-xlarge/300/6G.jpg	8845
koken-xlarge/600/1A-1.jpg	70633
koken-xlarge/600/1A-2.jpg	113947
koken-xlarge/600/1A-3.jpg	159043
koken-xlarge/600/1B-1.jpg	150864
koken-xlarge/600/1B-2.jpg	67924
koken-xlarge/600/1B-3.png	345245
koken-xlarge/600/1C-1.png	1062980
koken-xlarge/600/1C-2.png	297014
koken-xlarge/600/1C-3.png	169661
koken-xlarge/600/2A-1.jpg	148807
koken-xlarge/600/2A-2.jpg	200383
koken-xlarge/600/2A-3.jpg	123068
koken-xlarge/600/2B-1.jpg	106401
koken-xlarge/600/2B-2.jpg	75666
koken-xlarge/600/2B-3.jpg	73586
koken-xlarge/600/2C-1.png	1181813
koken-xlarge/600/2C-2.png	149079
koken-xlarge/600/2C-3.png	320309
koken-xlarge/600/3A-1.jpg	67338
koken-xlarge/600/3A-2.png	819937
koken-xlarge/600/3A-3.jpg	135019
koken-xlarge/600/3B-1.jpg	45906
koken-xlarge/600/3B-2.jpg	71575
koken-xlarge/600/3B-3.jpg	84406
koken-xlarge/600/3C-1.png	69636
koken-xlarge/600/3C-2.png	37184
koken-xlarge/600/3C-3.png	110318
koken-xlarge/600/4A-1.png	286833
koken-xlarge/600/4A-2.jpg	112407
koken-xlarge/600/4A-3.png	581166
koken-xlarge/600/4B-1.png	148330
koken-xlarge/600/4B-2.jpg	170914
koken-xlarge/600/4B-3.png	169847
koken-xlarge/600/4C-1.png	75313
koken-xlarge/600/4C-2.png	123699
koken-xlarge/600/4C-3.png	486724
koken-xlarge/600/6D.jpg	113588
koken-xlarge/600/6E.jpg	159801
koken-xlarge/600/6F.jpg	139404
koken-xlarge/600/6G.jpg	16365
newton-nooptimization/1200/1A-1.jpg	141125
newton-nooptimization/1200/1A-2.jpg	229463
newton-nooptimization/1200/1A-3.jpg	287667
newton-nooptimization/1200/1B-1.jpg	328617
newton-nooptimization/1200/1B-2.jpg	160847
newton-nooptimization/1200/1B-3.png	903972
newton-nooptimization/1200/1C-1.png	3142307
newton-nooptimization/1200/1C-2.png	984896
newton-nooptimization/1200/1C-3.png	472324
newton-nooptimization/1200/2A-1.jpg	249221
newton-nooptimization/1200/2A-2.jpg	330997
newton-nooptimization/1200/2A-3.jpg	133396
newton-nooptimization/1200/2B-1.jpg	180109
newton-nooptimization/1200/2B-2.jpg	174809
newton-nooptimization/1200/2B-3.jpg	165481
newton-nooptimization/1200/2C-1.png	4133299
newton-nooptimization/1200/2C-2.png	388530
newton-nooptimization/1200/2C-3.png	914351
newton-nooptimization/1200/3A-1.jpg	106869
newton-nooptimization/1200/3A-2.png	2497310
newton-nooptimization/1200/3A-3.jpg	242161
newton-nooptimization/1200/3B-1.jpg	41124
newton-nooptimization/1200/3B-2.jpg	129583
newton-nooptimization/1200/3B-3.jpg	194240
newton-nooptimization/1200/3C-1.png	149439
newton-nooptimization/1200/3C-2.png	87988
newton-nooptimization/1200/3C-3.png	300170
newton-nooptimization/1200/4A-1.png	435237
newton-nooptimization/1200/4A-2.jpg	212285
newton-nooptimization/1200/4A-3.png	1710085
newton-nooptimization/1200/4B-1.png	356017
newton-nooptimization/1200/4B-2.jpg	333568
newton-nooptimization/1200/4B-3.png	464802
newton-nooptimization/1200/4C-1.png	241597
newton-nooptimization/1200/4C-2.png	323506
newton-nooptimization/1200/4C-3.png	472886
newton-nooptimization/1200/6D.jpg	241184
newton-nooptimization/1200/6E.jpg	268927
newton-nooptimization/1200/6F.jpg	215926
newton-nooptimization/1200/6G.jpg	26159
newton-nooptimization/300/1A-1.jpg	16281
newton-nooptimization/300/1A-2.jpg	25158
newton-nooptimization/300/1A-3.jpg	22795
newton-nooptimization/300/1B-1.jpg	25377
newton-nooptimization/300/1B-2.jpg	13952
newton-nooptimization/300/1B-3.png	71462
newton-nooptimization/300/1C-1.png	189490
newton-nooptimization/300/1C-2.png	100201
newton-nooptimization/300/1C-3.png	52770
newton-nooptimization/300/2A-1.jpg	26221
newton-nooptimization/300/2A-2.jpg	32879
newton-nooptimization/300/2A-3.jpg	13033
newton-nooptimization/300/2B-1.jpg	12882
newton-nooptimization/300/2B-2.jpg	16922
newton-nooptimization/300/2B-3.jpg	15723
newton-nooptimization/300/2C-1.png	259895
newton-nooptimization/300/2C-2.png	35566
newton-nooptimization/300/2C-3.png	84354
newton-nooptimization/300/3A-1.jpg	10102
newton-nooptimization/300/3A-2.png	184058
newton-nooptimization/300/3A-3.jpg	18157
newton-nooptimization/300/3B-1.jpg	5896
newton-nooptimization/300/3B-2.jpg	25908
newton-nooptimization/300/3B-3.jpg	17457
newton-nooptimization/300/3C-1.png	24255
newton-nooptimization/300/3C-2.png	17241
newton-nooptimization/300/3C-3.png	43193
newton-nooptimization/300/4A-1.png	119146
newton-nooptimization/300/4A-2.jpg	25919
newton-nooptimization/300/4A-3.png	168287
newton-nooptimization/300/4B-1.png	56281
newton-nooptimization/300/4B-2.jpg	30797
newton-nooptimization/300/4B-3.png	44037
newton-nooptimization/300/4C-1.png	40819
newton-nooptimization/300/4C-2.png	56521
newton-nooptimization/300/4C-3.png	52189
newton-nooptimization/300/6D.jpg	17300
newton-nooptimization/300/6E.jpg	22869
newton-nooptimization/300/6F.jpg	26402
newton-nooptimization/300/6G.jpg	3849
newton-nooptimization/600/1A-1.jpg	46133
newton-nooptimization/600/1A-2.jpg	72986
newton-nooptimization/600/1A-3.jpg	77259
newton-nooptimization/600/1B-1.jpg	89991
newton-nooptimization/600/1B-2.jpg	46324
newton-nooptimization/600/1B-3.png	272807
newton-nooptimization/600/1C-1.png	819642
newton-nooptimization/600/1C-2.png	288772
newton-nooptimization/600/1C-3.png	153744
newton-nooptimization/600/2A-1.jpg	81892
newton-nooptimization/600/2A-2.jpg	104162
newton-nooptimization/600/2A-3.jpg	40548
newton-nooptimization/600/2B-1.jpg	47441
newton-nooptimization/600/2B-2.jpg	53856
newton-nooptimization/600/2B-3.jpg	52654
newton-nooptimization/600/2C-1.png	1060835
newton-nooptimization/600/2C-2.png	109922
newton-nooptimization/600/2C-3.png	271328
newton-nooptimization/600/3A-1.jpg	31892
newton-nooptimization/600/3A-2.png	682414
newton-nooptimization/600/3A-3.jpg	64197
newton-nooptimization/600/3B-1.jpg	14663
newton-nooptimization/600/3B-2.jpg	56305
newton-nooptimization/600/3B-3.jpg	55072
newton-nooptimization/600/3C-1.png	60618
newton-nooptimization/600/3C-2.png	41014
newton-nooptimization/600/3C-3.png	116016
newton-nooptimization/600/4A-1.png	315431
newton-nooptimization/600/4A-2.jpg	77081
newton-nooptimization/600/4A-3.png	550227
newton-nooptimization/600/4B-1.png	151680
newton-nooptimization/600/4B-2.jpg	107152
newton-nooptimization/600/4B-3.png	144405
newton-nooptimization/600/4C-1.png	99315
newton-nooptimization/600/4C-2.png	137225
newton-nooptimization/600/4C-3.png	158523
newton-nooptimization/600/6D.jpg	63717
newton-nooptimization/600/6E.jpg	78225
newton-nooptimization/600/6F.jpg	78831
newton-nooptimization/600/6G.jpg	9789
newton-optimization/1200/1A-1.jpg	137403
newton-optimization/1200/1A-2.jpg	225256
newton-optimization/1200/1A-3.jpg	278970
newton-optimization/1200/1B-1.jpg	313949
newton-optimization/1200/1B-2.jpg	154414
newton-optimization/1200/1B-3.png	460619
newton-optimization/1200/1C-1.png	2806754
newton-optimization/1200/1C-2.png	701105
newton-optimization/1200/1C-3.png	390287
newton-optimization/1200/2A-1.jpg	240880
newton-optimization/1200/2A-2.jpg	318980
newton-optimization/1200/2A-3.jpg	130561
newton-optimization/1200/2B-1.jpg	171589
newton-optimization/1200/2B-2.jpg	167885
newton-optimization/1200/2B-3.jpg	158288
newton-optimization/1200/2C-1.png	3591572
newton-optimization/1200/2C-2.png	345694
newton-optimization/1200/2C-3.png	832454
newton-optimization/1200/3A-1.jpg	91710
newton-optimization/1200/3A-2.png	2443140
newton-optimization/1200/3A-3.jpg	219073
newton-optimization/1200/3B-1.jpg	35995
newton-optimization/1200/3B-2.jpg	110011
newton-optimization/1200/3B-3.jpg	179586
newton-optimization/1200/3C-1.png	115567
newton-optimization/1200/3C-2.png	59597
newton-optimization/1200/3C-3.png	216362
newton-optimization/1200/4A-1.png	233830
newton-optimization/1200/4A-2.jpg	201004
newton-optimization/1200/4A-3.png	1290044
newton-optimization/1200/4B-1.png	249744
newton-optimization/1200/4B-2.jpg	306635
newton-optimization/1200/4B-3.png	456848
newton-optimization/1200/4C-1.png	161724
newton-optimization/1200/4C-2.png	211247
newton-optimization/1200/4C-3.png	288064
newton-optimization/1200/6D.jpg	225607
newton-optimization/1200/6E.jpg	258142
newton-optimization/1200/6F.jpg	215926
newton-optimization/1200/6G.jpg	24275
newton-optimization/300/1A-1.jpg	15938
newton-optimization/300/1A-2.jpg	24684
newton-optimization/300/1A-3.jpg	22480
newton-optimization/300/1B-1.jpg	24198
newton-optimization/300/1B-2.jpg	13421
newton-optimization/300/1B-3.png	41282
newton-optimization/300/1C-1.png	182868
newton-optimization/300/1C-2.png	60396
newton-optimization/300/1C-3.png	34216
newton-optimization/300/2A-1.jpg	25639
newton-optimization/300/2A-2.jpg	31532
newton-optimization/300/2A-3.jpg	12909
newton-optimization/300/2B-1.jpg	12504
newton-optimization/300/2B-2.jpg	16267
newton-optimization/300/2B-3.jpg	15114
newton-optimization/300/2C-1.png	202230
newton-optimization/300/2C-2.png	30384
newton-optimization/300/2C-3.png	68409
newton-optimization/300/3A-1.jpg	9283
newton-optimization/300/3A-2.png	153077
newton-optimization/300/3A-3.jpg	17125
newton-optimization/300/3B-1.jpg	5663
newton-optimization/300/3B-2.jpg	23417
newton-optimization/300/3B-3.jpg	16662
newton-optimization/300/3C-1.png	17350
newton-optimization/300/3C-2.png	11477
newton-optimization/300/3C-3.png	29235
newton-optimization/300/4A-1.png	82296
newton-optimization/300/4A-2.jpg	24650
newton-optimization/300/4A-3.png	107077
newton-optimization/300/4B-1.png	38515
newton-optimization/300/4B-2.jpg	28829
newton-optimization/300/4B-3.png	43270
newton-optimization/300/4C-1.png	24366
newton-optimization/300/4C-2.png	49843
newton-optimization/300/4C-3.png	25473
newton-optimization/300/6D.jpg	16631
newton-optimization/300/6E.jpg	21940
newton-optimization/300/6F.jpg	25823
newton-optimization/300/6G.jpg	3849
newton-optimization/600/1A-1.jpg	44923
newton-optimization/600/1A-2.jpg	71581
newton-optimization/600/1A-3.jpg	75374
newton-optimization/600/1B-1.jpg	84972
newton-optimization/600/1B-2.jpg	44497
newton-optimization/600/1B-3.png	145383
newton-optimization/600/1C-1.png	803902
newton-optimization/600/1C-2.png	195827
newton-optimization/600/1C-3.png	110156
newton-optimization/600/2A-1.jpg	79378
newton-optimization/600/2A-2.jpg	100302
newton-optimization/600/2A-3.jpg	39636
newton-optimization/600/2B-1.jpg	45560
newton-optimization/600/2B-2.jpg	51803
newton-optimization/600/2B-3.jpg	50392
newton-optimization/600/2C-1.png	870044
newton-optimization/600/2C-2.png	95597
newton-optimization/600/2C-3.png	233593
newton-optimization/600/3A-1.jpg	27946
newton-optimization/600/3A-2.png	599907
newton-optimization/600/3A-3.jpg	59176
newton-optimization/600/3B-1.jpg	13450
newton-optimization/600/3B-2.jpg	49540
newton-optimization/600/3B-3.jpg	51947
newton-optimization/600/3C-1.png	45250
newton-optimization/600/3C-2.png	27152
newton-optimization/600/3C-3.png	80427
newton-optimization/600/4A-1.png	215905
newton-optimization/600/4A-2.jpg	73067
newton-optimization/600/4A-3.png	360122
newton-optimization/600/4B-1.png	107111
newton-optimization/600/4B-2.jpg	99997
newton-optimization/600/4B-3.png	141909
newton-optimization/600/4C-1.png	62342
newton-optimization/600/4C-2.png	98378
newton-optimization/600/4C-3.png	84062
newton-optimization/600/6D.jpg	59904
newton-optimization/600/6E.jpg	74792
newton-optimization/600/6F.jpg	77056
newton-optimization/600/6G.jpg	9406
perch/1200/1A-1.jpg	63119
perch/1200/1A-2.jpg	507860
perch/1200/1A-3.jpg	1602297
perch/1200/1B-1.jpg	501636
perch/1200/1B-2.jpg	277510
perch/1200/1B-3.png	1326041
perch/1200/1C-1.png	3656686
perch/1200/1C-2.png	1282896
perch/1200/1C-3.png	715312
perch/1200/2A-1.jpg	1144512
perch/1200/2A-2.jpg	940513
perch/1200/2A-3.jpg	245940
perch/1200/2B-1.jpg	205619
perch/1200/2B-2.jpg	614653
perch/1200/2B-3.jpg	553842
perch/1200/2C-1.png	4794066
perch/1200/2C-2.png	557874
perch/1200/2C-3.png	1223636
perch/1200/3A-1.jpg	380824
perch/1200/3A-2.png	3048852
perch/1200/3A-3.jpg	1009021
perch/1200/3B-1.jpg	183939
perch/1200/3B-2.jpg	146487
perch/1200/3B-3.jpg	516887
perch/1200/3C-1.png	223801
perch/1200/3C-2.png	146455
perch/1200/3C-3.png	372393
perch/1200/4A-1.png	1240154
perch/1200/4A-2.jpg	285141
perch/1200/4A-3.png	2435051
perch/1200/4B-1.png	402207
perch/1200/4B-2.jpg	768741
perch/1200/4B-3.png	501352
perch/1200/4C-1.png	280969
perch/1200/4C-2.png	314101
perch/1200/4C-3.png	727764
perch/1200/6D.jpg	795972
perch/1200/6E.jpg	1360325
perch/1200/6F.jpg	795136
perch/1200/6G.jpg	34638
perch/300/1A-1.jpg	9379
perch/300/1A-2.jpg	49816
perch/300/1A-3.jpg	129717
perch/300/1B-1.jpg	40918
perch/300/1B-2.jpg	22716
perch/300/1B-3.png	97210
perch/300/1C-1.png	222686
perch/300/1C-2.png	88450
perch/300/1C-3.png	79855
perch/300/2A-1.jpg	115027
perch/300/2A-2.jpg	88809
perch/300/2A-3.jpg	49542
perch/300/2B-1.jpg	14814
perch/300/2B-2.jpg	50571
perch/300/2B-3.jpg	47456
perch/300/2C-1.png	309933
perch/300/2C-2.png	51994
perch/300/2C-3.png	114379
perch/300/3A-1.jpg	36294
perch/300/3A-2.png	220968
perch/300/3A-3.jpg	72986
perch/300/3B-1.jpg	19276
perch/300/3B-2.jpg	28620
perch/300/3B-3.jpg	35470
perch/300/3C-1.png	36994
perch/300/3C-2.png	27475
perch/300/3C-3.png	55171
perch/300/4A-1.png	152465
perch/300/4A-2.jpg	38037
perch/300/4A-3.png	249975
perch/300/4B-1.png	57311
perch/300/4B-2.jpg	63187
perch/300/4B-3.png	54812
perch/300/4C-1.png	43871
perch/300/4C-2.png	49186
perch/300/4C-3.png	73878
perch/300/6D.jpg	65189
perch/300/6E.jpg	96521
perch/300/6F.jpg	122569
perch/300/6G.jpg	8101
perch/600/1A-1.jpg	23704
perch/600/1A-2.jpg	148718
perch/600/1A-3.jpg	473810
perch/600/1B-1.jpg	143261
perch/600/1B-2.jpg	77700
perch/600/1B-3.png	371400
perch/600/1C-1.png	915733
perch/600/1C-2.png	294861
perch/600/1C-3.png	226526
perch/600/2A-1.jpg	359612
perch/600/2A-2.jpg	288926
perch/600/2A-3.jpg	93894
perch/600/2B-1.jpg	55077
perch/600/2B-2.jpg	174242
perch/600/2B-3.jpg	162961
perch/600/2C-1.png	1244668
perch/600/2C-2.png	162558
perch/600/2C-3.png	365109
perch/600/3A-1.jpg	111302
perch/600/3A-2.png	822268
perch/600/3A-3.jpg	266940
perch/600/3B-1.jpg	52736
perch/600/3B-2.jpg	61835
perch/600/3B-3.jpg	126819
perch/600/3C-1.png	91000
perch/600/3C-2.png	64563
perch/600/3C-3.png	145081
perch/600/4A-1.png	396377
perch/600/4A-2.jpg	115367
perch/600/4A-3.png	801704
perch/600/4B-1.png	160263
perch/600/4B-2.jpg	229109
perch/600/4B-3.png	168454
perch/600/4C-1.png	109306
perch/600/4C-2.png	121005
perch/600/4C-3.png	245131
perch/600/6D.jpg	256231
perch/600/6E.jpg	370195
perch/600/6F.jpg	325356
perch/600/6G.jpg	15101
typo3/1200/1A-1.jpg	61088
typo3/1200/1A-2.jpg	525001
typo3/1200/1A-3.jpg	1707659
typo3/1200/1B-1.jpg	526461
typo3/1200/1B-2.jpg	301787
typo3/1200/1B-3.png	922688
typo3/1200/1C-1.png	2639797
typo3/1200/1C-2.png	882177
typo3/1200/1C-3.png	358227
typo3/1200/2A-1.jpg	1197809
typo3/1200/2A-2.jpg	1006615
typo3/1200/2A-3.jpg	252598
typo3/1200/2B-1.jpg	225055
typo3/1200/2B-2.jpg	643575
typo3/1200/2B-3.jpg	594135
typo3/1200/2C-1.png	3881445
typo3/1200/2C-2.png	481682
typo3/1200/2C-3.png	781285
typo3/1200/3A-1.jpg	383082
typo3/1200/3A-2.png	2311429
typo3/1200/3A-3.jpg	977878
typo3/1200/3B-1.jpg	212941
typo3/1200/3B-2.jpg	156243
typo3/1200/3B-3.jpg	551092
typo3/1200/3C-1.png	145545
typo3/1200/3C-2.png	64726
typo3/1200/3C-3.png	240959
typo3/1200/4A-1.png	507938
typo3/1200/4A-2.jpg	283864
typo3/1200/4A-3.png	2114287
typo3/1200/4B-1.png	445
typo3/1200/4B-2.jpg	778712
typo3/1200/4B-3.png	561003
typo3/1200/4C-1.png	190888
typo3/1200/4C-2.png	209449
typo3/1200/4C-3.png	1012074
typo3/1200/6D.jpg	811512
typo3/1200/6E.jpg	1362772
typo3/1200/6F.jpg	857063
typo3/1200/6G.jpg	32025
typo3/300/1A-1.jpg	8975
typo3/300/1A-2.jpg	49071
typo3/300/1A-3.jpg	156517
typo3/300/1B-1.jpg	39820
typo3/300/1B-2.jpg	24432
typo3/300/1B-3.png	72147
typo3/300/1C-1.png	161242
typo3/300/1C-2.png	84832
typo3/300/1C-3.png	44560
typo3/300/2A-1.jpg	126574
typo3/300/2A-2.jpg	125278
typo3/300/2A-3.jpg	49587
typo3/300/2B-1.jpg	43495
typo3/300/2B-2.jpg	50555
typo3/300/2B-3.jpg	47559
typo3/300/2C-1.png	235656
typo3/300/2C-2.png	40733
typo3/300/2C-3.png	73683
typo3/300/3A-1.jpg	45441
typo3/300/3A-2.png	171757
typo3/300/3A-3.jpg	91241
typo3/300/3B-1.jpg	41027
typo3/300/3B-2.jpg	30015
typo3/300/3B-3.jpg	36510
typo3/300/3C-1.png	24914
typo3/300/3C-2.png	11372
typo3/300/3C-3.png	36989
typo3/300/4A-1.png	80065
typo3/300/4A-2.jpg	36173
typo3/300/4A-3.png	241166
typo3/300/4B-1.png	242
typo3/300/4B-2.jpg	94653
typo3/300/4B-3.png	60141
typo3/300/4C-1.png	31696
typo3/300/4C-2.png	34852
typo3/300/4C-3.png	110369
typo3/300/6D.jpg	73550
typo3/300/6E.jpg	126733
typo3/300/6F.jpg	135208
typo3/300/6G.jpg	5430
typo3/600/1A-1.jpg	23047
typo3/600/1A-2.jpg	153212
typo3/600/1A-3.jpg	518314
typo3/600/1B-1.jpg	146676
typo3/600/1B-2.jpg	83000
typo3/600/1B-3.png	273814
typo3/600/1C-1.png	676345
typo3/600/1C-2.png	262153
typo3/600/1C-3.png	121124
typo3/600/2A-1.jpg	372464
typo3/600/2A-2.jpg	328410
typo3/600/2A-3.jpg	93360
typo3/600/2B-1.jpg	81237
typo3/600/2B-2.jpg	178237
typo3/600/2B-3.jpg	169612
typo3/600/2C-1.png	985773
typo3/600/2C-2.png	131976
typo3/600/2C-3.png	237107
typo3/600/3A-1.jpg	118538
typo3/600/3A-2.png	634377
typo3/600/3A-3.jpg	274039
typo3/600/3B-1.jpg	75590
typo3/600/3B-2.jpg	65267
typo3/600/3B-3.jpg	135503
typo3/600/3C-1.png	60915
typo3/600/3C-2.png	27171
typo3/600/3C-3.png	96893
typo3/600/4A-1.png	192768
typo3/600/4A-2.jpg	110393
typo3/600/4A-3.png	782066
typo3/600/4B-1.png	283
typo3/600/4B-2.jpg	254279
typo3/600/4B-3.png	189751
typo3/600/4C-1.png	75082
typo3/600/4C-2.png	84845
typo3/600/4C-3.png	350176
typo3/600/6D.jpg	266225
typo3/600/6E.jpg	389557
typo3/600/6F.jpg	352174
typo3/600/6G.jpg	12366
wordpress/1200/1A-1.jpg	59665
wordpress/1200/1A-2.jpg	498795
wordpress/1200/1A-3.jpg	1621947
wordpress/1200/1B-1.jpg	484398
wordpress/1200/1B-2.jpg	306106
wordpress/1200/1B-3.png	1125576
wordpress/1200/1C-1.png	3314673
wordpress/1200/1C-2.png	958575
wordpress/1200/1C-3.png	492936
wordpress/1200/2A-1.jpg	1137933
wordpress/1200/2A-2.jpg	957515
wordpress/1200/2A-3.jpg	272323
wordpress/1200/2B-1.jpg	212560
wordpress/1200/2B-2.jpg	667014
wordpress/1200/2B-3.jpg	613702
wordpress/1200/2C-1.png	4322260
wordpress/1200/2C-2.png	509494
wordpress/1200/2C-3.png	1041156
wordpress/1200/3A-1.jpg	378158
wordpress/1200/3A-2.png	2693644
wordpress/1200/3A-3.jpg	960771
wordpress/1200/3B-1.jpg	213032
wordpress/1200/3B-2.jpg	140970
wordpress/1200/3B-3.jpg	474799
wordpress/1200/3C-1.png	146114
wordpress/1200/3C-2.png	83299
wordpress/1200/3C-3.png	293411
wordpress/1200/4A-1.png	709259
wordpress/1200/4A-2.jpg	283337
wordpress/1200/4A-3.png	1661955
wordpress/1200/4B-1.png	304195
wordpress/1200/4B-2.jpg	782869
wordpress/1200/4B-3.png	511909
wordpress/1200/4C-1.png	241604
wordpress/1200/4C-2.png	332778
wordpress/1200/4C-3.png	1051498
wordpress/1200/6D.jpg	807952
wordpress/1200/6E.jpg	1294060
wordpress/1200/6F.jpg	1068586
wordpress/1200/6G.jpg	14483
wordpress/300/1A-1.jpg	8737
wordpress/300/1A-2.jpg	47532
wordpress/300/1A-3.jpg	157129
wordpress/300/1B-1.jpg	38357
wordpress/300/1B-2.jpg	25327
wordpress/300/1B-3.png	87903
wordpress/300/1C-1.png	209329
wordpress/300/1C-2.png	107969
wordpress/300/1C-3.png	59760
wordpress/300/2A-1.jpg	127064
wordpress/300/2A-2.jpg	123085
wordpress/300/2A-3.jpg	77589
wordpress/300/2B-1.jpg	42886
wordpress/300/2B-2.jpg	52593
wordpress/300/2B-3.jpg	49072
wordpress/300/2C-1.png	282910
wordpress/300/2C-2.png	40467
wordpress/300/2C-3.png	91666
wordpress/300/3A-1.jpg	47939
wordpress/300/3A-2.png	198593
wordpress/300/3A-3.jpg	90313
wordpress/300/3B-1.jpg	41744
wordpress/300/3B-2.jpg	28586
wordpress/300/3B-3.jpg	34375
wordpress/300/3C-1.png	23211
wordpress/300/3C-2.png	15938
wordpress/300/3C-3.png	41454
wordpress/300/4A-1.png	103944
wordpress/300/4A-2.jpg	35386
wordpress/300/4A-3.png	167606
wordpress/300/4B-1.png	47246
wordpress/300/4B-2.jpg	95790
wordpress/300/4B-3.png	49205
wordpress/300/4C-1.png	37044
wordpress/300/4C-2.png	49522
wordpress/300/4C-3.png	121383
wordpress/300/6D.jpg	72410
wordpress/300/6E.jpg	126453
wordpress/300/6F.jpg	131168
wordpress/300/6G.jpg	10906
wordpress/600/1A-1.jpg	22514
wordpress/600/1A-2.jpg	147958
wordpress/600/1A-3.jpg	504131
wordpress/600/1B-1.jpg	139425
wordpress/600/1B-2.jpg	85950
wordpress/600/1B-3.png	324877
wordpress/600/1C-1.png	860592
wordpress/600/1C-2.png	335449
wordpress/600/1C-3.png	178187
wordpress/600/2A-1.jpg	363283
wordpress/600/2A-2.jpg	318234
wordpress/600/2A-3.jpg	119823
wordpress/600/2B-1.jpg	78725
wordpress/600/2B-2.jpg	186701
wordpress/600/2B-3.jpg	175764
wordpress/600/2C-1.png	1144767
wordpress/600/2C-2.png	134238
wordpress/600/2C-3.png	302315
wordpress/600/3A-1.jpg	119702
wordpress/600/3A-2.png	739485
wordpress/600/3A-3.jpg	270075
wordpress/600/3B-1.jpg	76570
wordpress/600/3B-2.jpg	61420
wordpress/600/3B-3.jpg	125416
wordpress/600/3C-1.png	57866
wordpress/600/3C-2.png	36848
wordpress/600/3C-3.png	110158
wordpress/600/4A-1.png	238686
wordpress/600/4A-2.jpg	105072
wordpress/600/4A-3.png	547157
wordpress/600/4B-1.png	126856
wordpress/600/4B-2.jpg	257231
wordpress/600/4B-3.png	159825
wordpress/600/4C-1.png	92617
wordpress/600/4C-2.png	124089
wordpress/600/4C-3.png	363251
wordpress/600/6D.jpg	254559
wordpress/600/6E.jpg	387668
wordpress/600/6F.jpg	359443
wordpress/600/6G.jpg	13600
